<?xml version="1.0" encoding="UTF-8"?>
<project-private xmlns="http://www.netbeans.org/ns/project-private/1">
    <editor-bookmarks xmlns="http://www.netbeans.org/ns/editor-bookmarks/2" lastBookmarkId="0"/>
    <open-files xmlns="http://www.netbeans.org/ns/projectui-open-files/2">
        <group>
            <file>file:/C:/Users/62856/OneDrive/Documents/APLIKASI%20PENJUALAN%20BARANG/NEW_UJI_LEVEL/src/transaksi/formTransaksi.java</file>
            <file>file:/C:/Users/62856/OneDrive/Documents/APLIKASI%20PENJUALAN%20BARANG/NEW_UJI_LEVEL/src/login/login_petugas.java</file>
            <file>file:/C:/Users/62856/OneDrive/Documents/APLIKASI%20PENJUALAN%20BARANG/NEW_UJI_LEVEL/src/user/riwayat_transaksi.java</file>
            <file>file:/C:/Users/62856/OneDrive/Documents/APLIKASI%20PENJUALAN%20BARANG/NEW_UJI_LEVEL/src/master/akun_petugas.java</file>
            <file>file:/C:/Users/62856/OneDrive/Documents/APLIKASI%20PENJUALAN%20BARANG/NEW_UJI_LEVEL/src/login/login_admin.java</file>
            <file>file:/C:/Users/62856/OneDrive/Documents/APLIKASI%20PENJUALAN%20BARANG/NEW_UJI_LEVEL/src/login/menu_login.java</file>
            <file>file:/C:/Users/62856/OneDrive/Documents/APLIKASI%20PENJUALAN%20BARANG/NEW_UJI_LEVEL/src/user/menu_user.java</file>
            <file>file:/C:/Users/62856/OneDrive/Documents/APLIKASI%20PENJUALAN%20BARANG/NEW_UJI_LEVEL/src/koneksi/koneksi.java</file>
            <file>file:/C:/Users/62856/OneDrive/Documents/APLIKASI%20PENJUALAN%20BARANG/NEW_UJI_LEVEL/src/master/formCRUDBarang.java</file>
            <file>file:/C:/Users/62856/OneDrive/Documents/APLIKASI%20PENJUALAN%20BARANG/NEW_UJI_LEVEL/src/transaksi/daftar_menu.java</file>
        </group>
    </open-files>
</project-private>
